NodeID,Tweet_ID
1,5536782
1,18730634
1,29829339
1,3885075376
1,245970451
1,454384410
1,250371623
1,6754922
1,602578515
1,110396781
1,5536782
1,2497691
1,1661857788
1,231687318
1,1661857788
1,260907612
1,22798324
1,5536782
1,5536782
1,5536782
1,409551566
1,5536782
1,438287055
1,262457844
1,5536782
1,2174573976
1,262457844
1,16656851
1,17476533
1,138020428
2,224
2,1689053928
2,20640328
2,5988062
2,143089412
2,143089412
2,10876852
2,143089412
2,143089412
3,2816672744
3,23109598
3,249830418
3,249830418
3,297515020
3,23109598
3,3431512005
3,249830418
3,249830418
3,216810337
3,3876850882
3,5536782
3,3876850882
3,249830418
3,249830418
3,23109598
3,23109598
3,15131462
3,114283963
3,569598189
3,703123258
3,415798847
3,114283963
3,62088631
3,703123258
3,221927862
3,144047190
3,415798847
3,297515020
3,249863905
3,3219831907
3,569598189
3,144047190
3,415798847
3,904436851
3,114283963
3,249863905
3,3219831907
3,62088631
3,114283963
3,221927862
3,249863905
3,904436851
3,3219831907
3,3785379733
3,297515020
5,93711247
5,113713261
5,113713261
5,447644824
5,113713261
5,93711247
5,111197966
5,111197966
5,113713261
5,4490396355
5,4490396355
5,111197966
5,111197966
5,113713261
5,1728160536
5,93711247
5,113713261
5,113713261
5,1425993918
5,447644824
5,170393291
5,113713261
5,113713261
5,113713261
5,93711247
5,113713261
5,93711247
5,93711247
5,93711247
5,32337513
5,93711247
5,93711247
5,93711247
5,93711247
5,25412522
5,80843262
5,113713261
6,113713261
6,1449946915
6,851970428
6,851970428
6,381651557
6,283641321
6,2864105909
6,191633564
7,15491797
7,417794682
7,375301851
7,23290620
7,23290620
7,399608342
7,23290620
7,307989455
7,369690250
7,307989455
7,307989455
7,307989455
7,400783238
7,369690250
7,369690250
7,284493447
7,369690250
7,307989455
8,3315420203
8,124790372
8,227021376
8,254218142
8,227021376
9,32522055
9,17264476
9,5513002
9,1729588196
9,634734888
9,1131895903
9,1242580045
9,1231224926
9,474259753
9,433219396
9,265882937
9,68087815
9,500724305
9,85583894
9,2404419367
9,615318971
9,85583894
9,3024075586
9,85583894
9,100920952
9,220580018
9,500724305
9,1536864823
9,3568143082
9,85583894
9,230983475
9,415938005
9,1536864823
9,3242034839
9,2452458853
9,2490066595
9,53064751
9,500724305
9,85660525
9,85583894
9,813784572
9,350308945
9,343613500
9,4335197537
9,238228002
9,85583894
9,3024075586
9,85583894
9,85583894
9,813784572
9,242438723
9,940664990
9,2657361602
10,2838975021
10,3105025619
10,3214083845
10,3158007524
10,3214083845
10,239226958
10,3105025619
10,3158007524
10,3158007524
10,137557408
10,3158007524
10,132529995
10,3065847731
10,17064644
10,17064644
10,2482942153
10,394689485
10,2349331751
10,105303657
10,2801167924
10,96627657
10,27906386
10,3241854899
10,32742761
10,3431849283
10,3158007524
10,3158007524
10,3241854899
10,2678369300
10,105303657
10,3105025619
10,3066144892
10,836594130
10,3241854899
10,339864109
10,339864109
10,1543722888
10,2814096859
10,4106302475
10,202733430
10,824456172
10,3316437629
10,60778244
10,3316437629
10,3241854899
10,19194075
10,1847817966
10,19194075
10,1493131711
10,3158007524
10,3185343379
10,21494636
10,318463164
10,2693422069
10,60778244
10,3496359690
10,180044580
11,25382122
11,40283136
11,212825538
11,258770210
11,563939371
11,1120214707
11,2692830151
11,147222879
11,14800270
11,347972806
11,27076967
11,2692830151
11,249227924
11,2155462266
11,78525505
11,14678968
11,171943064
11,21858987
11,3065627907
11,278691695
11,480406894
11,249227924
11,3221568435
11,17650843
11,2230303488
11,2692830151
11,148118889
11,480406894
12,552024858
12,2377640360
12,17064644
12,896296526
12,56202512
12,26911452
12,872539838
12,13010012
12,26911452
12,2764859954
12,347972806
12,2646298278
12,26911452
12,40283136
12,40283136
12,2735591
12,19407053
12,40283136
12,200175372
12,40283136
12,78525505
12,347972806
12,56202512
12,53978268
12,171700523
12,26911452
12,13010012
12,285193819
12,2365831916
12,13010012
12,17422035
12,17422035
12,6879682
12,6879682
12,78525505
12,347972806
12,26911452
12,14800270
12,26911452
12,40283136
12,17650843
12,3074145597
12,17650843
13,17650843
13,26299078
13,50183754
13,128599139
13,787430336
13,24295932
13,238212245
13,2447462132
13,42403314
14,245217900
14,110558385
14,110558385
14,170135738
15,1011409296
15,2686521
16,2566535282
16,2566535282
16,1561448815
16,146958450
16,1180379185
16,821700726
16,16784060
16,18798999
16,2929386021
16,2566535282
16,2566535282
16,22240612
16,17758398
16,2566535282
16,29465136
16,2261726353
16,249830418
16,2566535282
16,2228393197
16,25073877
16,27938809
16,2566535282
16,33519870
16,2566535282
16,39161235
16,2388075212
16,2566535282
16,9507342
16,24382468
16,21630029
16,5402612
16,2566535282
16,2567654774
16,2567654774
16,2567654774
18,375481345
18,375481345
18,375481345
18,519196613
18,375481345
18,519196613
18,375481345
18,375481345
18,519196613
18,375481345
18,519196613
18,375481345
18,375481345
18,375481345
18,519196613
18,375481345
18,519196613
19,15473639
19,29979814
19,807095
19,18597764
19,23103351
19,79923701
19,55522161
19,2425630321
19,2768941
19,363041761
19,128479325
19,88712621
19,262691862
19,15300487
19,45399148
19,27381885
19,3310928072
19,51039875
19,1140648348
19,146152602
19,3032004810
19,17348525
19,16012783
19,42176166
19,14173315
19,29255074
19,748538023
19,14434063
19,18137749
19,16041234
19,2962868158
19,28602948
19,17388798
19,870690606
19,148878245
19,123635567
19,373141222
19,16404712
19,816442584
19,2904739781
19,2997081281
19,373141222
19,373141222
20,2427778873
20,21703630
20,2766560059
20,21703630
20,1081982948
20,146320306
20,2259077891
20,298330756
20,14839039
20,47257925
20,33889918
20,1976502102
20,578412819
20,916560306
20,916560306
20,1454283949
20,96005004
20,88803783
20,21703630
20,21703630
20,3266624216
20,21703630
20,270437243
20,427051249
20,86685425
20,18359336
20,2428388862
20,553215041
20,79939566
20,487118986
20,34262462
20,3266624216
20,2903638510
20,18359336
20,3260285413
20,264243333
20,264243333
20,19353402
20,134555743
20,17619799
20,17619799
20,17619799
20,282449430
20,3142075631
20,3142075631
20,3142075631
20,3142075631
20,3142075631
20,3142075631
20,3142075631
20,3142075631
20,249333112
20,155078464
20,78336042
20,551421926
20,564374994
20,333153662
20,2848036481
20,14751338
20,247834848
20,502512173
20,348025040
20,274119641
20,281245285
20,361007600
20,361007600
20,361007600
20,361007600
20,361007600
20,361007600
20,361007600
20,361007600
20,361007600
20,361007600
20,361007600
20,361007600
20,361007600
20,3258794160
20,3258794160
20,2546562188
20,2762645418
20,3234931337
20,321686793
20,1957434656
20,56285800
20,503998375
20,578808543
20,172476440
20,163715778
20,145361381
20,3244753903
20,67151580
20,67151580
20,167124372
20,167124372
20,3199931764
20,3015465687
20,2413176185
21,383364076
21,247653244
21,76221855
21,776528756
21,776528756
21,776528756
22,27052147
22,14772775
22,14226882
22,14772775
22,14772775
22,14772775
22,1342373456
22,58503762
22,2330415198
22,52321042
22,23637063
22,336218991
22,2376522985
22,336218991
22,13209572
22,336218991
22,336218991
22,336218991
22,107605737
22,107605737
22,107605737
22,107605737
22,30970039
23,18021621
23,455722297
23,3293847389
23,314472089
23,14460241
23,569544773
23,500704345
23,455722297
23,1289962026
23,21643972
23,16076032
23,2208027565
23,17839398
23,1089071204
23,2916305152
23,268662889
23,437627160
23,108146685
23,455722297
23,1327775185
23,47399805
23,76521922
23,47399805
23,47285504
23,110692399
23,2783325346
23,455722297
23,455722297
23,16935292
23,229871590
23,327188207
23,327188207
23,38344723
23,38344723
23,327188207
23,327188207
23,526962398
23,27833578
23,462229611
23,1577969400
23,25048816
23,314472089
23,15644999
23,455722297
23,47983504
23,455722297
23,76521922
23,340497715
23,2916305152
23,386497675
23,355574573
23,1496216082
23,7627832
23,47399805
23,455722297
23,455722297
23,455722297
24,2200714512
24,232579303
24,128865146
24,75586592
24,232579303
24,232579303
24,232579303
24,232579303
24,35025357
24,35025357
24,1035507416
24,22457943
24,1035507416
24,436115456
24,436115456
24,1035507416
24,19198775
24,123771138
24,1670204269
24,75586592
24,1969097227
24,75586592
24,414480614
24,414480614
24,43245514
24,833504192
24,75586592
24,436115456
24,75586592
24,75586592
24,75586592
24,396647341
24,396647341
24,75586592
24,75586592
24,617348974
24,735554527
24,79744556
24,396647341
24,75586592
24,39661402
25,75586592
25,23839835
25,37280980
25,2581002935
25,248980568
25,5242
25,18725815
25,2693777042
25,21733692
25,27187343
25,248980568
25,12848262
25,3270896186
25,1035507416
25,14173315
25,6433472
25,18980055
25,190289834
25,19636948
25,1163772380
25,397315031
25,68577507
25,27922960
25,373474887
25,231407577
25,156370763
25,1180620872
25,48842195
25,6433472
25,6433472
25,1725478952
25,115050842
25,15380567
25,74721676
25,20889913
25,29761798
25,239170356
25,951900990
25,16311530
25,239170356
25,16076032
25,36395646
25,396647341
25,18424289
25,1035507416
25,23491400
25,23491400
25,19198775
25,114507370
25,157458038
25,3876850882
25,18424289
25,17001490
25,17001490
25,246471208
25,2884771
25,6433472
25,883619466
25,594309638
25,3106920325
25,114507370
25,19198775
25,78361556
25,759251
25,1630896181
25,289099943
25,38091010
25,115050842
25,321589427
25,239170356
25,3197900838
25,21413192
25,759251
26,21413192
26,4970411
26,3713649861
26,21733692
26,1212367730
26,132322374
26,27187343
26,883619466
26,3370850056
26,2379462739
26,833504192
26,190705200
26,81028435
26,1180620872
26,23917889
26,88979500
26,776528756
26,88979500
26,3360959801
28,96083073
32,1514606815
32,417870919
32,2420330706
32,1514606815
32,257565074
32,29829339
32,1930624009
32,2949309799
32,455986864
32,1514606815
32,1711358846
32,247390322
32,34239289
32,257565074
32,501923510
32,524824249
32,3234132884
32,3234132884
32,729349230
32,214540048
32,434307060
32,1930624009
32,1514606815
32,2944026507
32,397136985
32,254074122
32,726610974
32,726610974
32,1514606815
32,301120393
32,3798306555
32,3065823345
32,1891714574
32,506237883
32,1930624009
32,42196320
32,1930624009
32,2209509657
32,1514606815
32,489112390
32,80886145
32,240782084
32,262172824
32,526343521
32,1514606815
32,336003891
32,463845176
32,4008275361
32,343126997
32,249200544
32,36636494
32,1093181071
32,131605132
33,2240712748
33,2240712748
33,2240712748
33,2240712748
33,2240712748
33,2240712748
33,453107211
33,2240712748
33,2240712748
33,2240712748
33,15957818
33,597385509
33,431543414
33,403973000
33,1707933151
33,255682654
33,1514606815
33,231687318
33,2240712748
33,2240712748
33,2240712748
33,2240712748
33,2240712748
33,2240712748
33,414759564
33,1542956965
33,1836672740
33,256144835
33,328649538
33,997695853
33,1875134240
33,4257489766
33,245979058
33,4691302376
33,4260624574
33,2390927699
33,4559359103
33,2324107860
33,433422196
33,243332040
33,220770503
33,467622294
33,243332040
33,2744834477
33,243990312
33,3401554325
33,135835797
33,3397313500
33,3150222152
33,2744834477
33,3418684158
33,718485775
33,963886178
33,3090371352
33,1463189580
33,3401554325
33,1463189580
33,4063098502
33,116677505
33,135835797
34,2792349332
34,14523787
34,17654763
34,14700316
35,415660298
35,250513051
35,489711489
35,489711489
35,2979610594
35,2979610594
35,52032722
35,2707189183
35,2373735295
35,53059376
35,2334118765
35,53059376
35,254505436
35,254505436
35,131605132
36,611480035
37,2342542776
37,2342542776
37,2342542776
37,2342542776
37,4561365616
37,2291448871
37,2291448871
37,2291448871
37,15188997
37,144614309
37,1514606815
37,97232128
37,61826424
37,280288703
37,61212923
37,1930624009
37,1930624009
39,36636494
39,2467791
39,2696857952
39,364511956
39,97447784
39,97447784
39,453107211
39,2291448871
39,2291448871
39,812874625
39,1632808700
39,254074122
39,97447784
39,2291448871
39,2291448871
39,2291448871
39,2291448871
39,4264429697
39,214540048
39,2291448871
39,2291448871
39,2291448871
39,1358137046
39,20763407
39,17486794
39,811256024
39,3962624240
39,331726265
39,2208341638
39,2332796618
39,248516358
39,3663212054
39,89501558
39,392388189
40,218232928
40,121853848
40,2680362012
40,121853848
40,2680362012
40,18736221
40,63366408
40,63366408
40,956048851
40,54426656
40,254999238
40,254999238
40,183114838
40,16045956
40,16045956
40,16077204
40,16900353
40,16077204
40,16077204
40,3345779103
40,30364057
40,156370763
40,862483279
40,3430161249
40,3345779103
40,930174438
40,335429010
40,1233195152
40,238220689
40,525857359
40,23745072
40,23745072
40,23745072
40,3326344085
40,3326344085
40,3329987097
40,403647191
40,184678745
40,534929951
40,40146181
40,40146181
40,40146181
40,24513104
40,212463932
40,16077204
40,74660931
40,84816752
40,183114838
40,254999238
40,14755475
40,153972100
40,153972100
40,18719308
40,133623952
40,133623952
40,228554424
40,11866582
40,38932042
40,33276161
40,12811282
40,712790648
40,18999809
40,15414664
40,614751610
40,78645110
40,535382054
40,115110146
40,930174438
40,69018160
40,45673524
40,36366374
40,29417304
40,29417304
40,2815460954
40,65404941
40,16906137
40,254999238
40,360369653
40,146712559
40,1648634071
40,50219768
40,883619466
40,26316027
40,4426865294
41,86753745
41,1465691941
41,149600834
41,130613237
41,149600834
41,780782586
41,254873869
41,1163772380
41,2573576084
41,46104233
41,2573576084
41,2573576084
41,4456880000
41,383620733
41,4410630028
41,516140436
41,2345409012
41,130474486
41,1105527518
41,3342080331
41,35305762
41,71860486
41,3222760716
41,3876850882
41,892396082
41,2342411670
41,168023508
41,4594006995
41,4612995208
41,4612995208
41,1247464970
41,1184364697
41,3904121604
41,2953281302
41,780782586
41,167509107
41,1229215507
41,217112906
41,4612995208
41,780782586
41,70187539
41,410904538
41,4166982680
41,30976353
41,1581195114
41,98563846
41,629722301
41,729288698
41,2725981950
41,242171663
41,1301351167
41,1301351167
41,2163633763
41,86163331
41,341578049
41,257711639
41,710924719
41,40221799
41,289381921
41,710924719
41,462482088
41,59507859
41,3248994594
41,3248994594
42,4612995208
42,1666538396
42,18635525
42,52112968
42,1666538396
42,78217383
42,479699717
42,48447532
42,2893425388
42,19408385
42,19408385
42,1666538396
43,4493533876
43,4535843901
43,301324445
43,3151147162
43,2594396728
43,301324445
43,376805797
43,3161789036
43,3662735179
43,2836548787
43,2802336854
43,1308200684
43,627886667
43,524467582
43,524467582
43,71516564
43,79078745
43,1378208815
43,376805797
43,494242595
43,3143575744
43,376805797
44,308568208
44,261241914
44,36143907
44,16129467
44,993800743
44,180614843
44,30488144
44,14731096
44,489475164
44,784875325
44,2223064093
44,1323603420
44,1416794803
44,4436638932
44,4436638932
44,21458110
44,76107213
44,1078188086
44,16116288
44,33276161
44,229665860
44,15446531
44,30488144
44,246103
44,2685146843
45,954124423
46,6425602
46,368980859
46,2561482830
47,984413802
48,2426180244
48,163850165
48,2714427311
48,260664856
48,498067407
48,2394656407
48,2241206366
48,156868053
48,42606634
48,2458693508
48,2594396728
48,930331530
48,525161434
48,390169262
48,455986864
48,587158681
48,2328246865
48,2869304847
48,247040190
48,163850165
48,254074122
48,254173961
48,260723289
48,3355165757
48,488517354
48,34239289
48,394712927
48,262299947
48,15699079
48,18771495
48,18771495
48,1712235726
48,18771495
48,18771495
48,91739213
48,91739213
48,384120146
48,133928742
48,246226167
48,2590088838
48,2458281210
48,18771495
48,18771495
48,230758716
48,1095942194
48,299672608
48,1645803722
48,2394656407
48,342432884
48,3298251177
48,18771495
48,1662694722
48,1375521914
48,397136985
48,526503320
48,2590088838
48,498067407
48,286177025
48,243700472
48,243700472
48,801370189
48,730731446
48,1374637982
48,398593054
48,355592317
48,498067407
48,482476715
48,1396519771
48,331163687
48,342432884
48,1662694722
48,2543403804
48,2458693508
48,2587454097
48,498067407
48,247390322
49,44590959
49,248757465
49,345271861
49,3070001098
49,135860595
49,131605132
49,439153185
49,790131775
49,2625904146
49,17486794
49,49259278
49,68034431
49,49259278
49,1482039456
49,875609286
49,49259278
49,49259278
50,49259278
50,15647676
50,977112482
50,17164327
50,17164327
50,974344765
50,51918553
50,1137771180
50,161009054
50,17164327
50,974344765
52,38833957
52,121417530
52,48319093
52,385291247
52,279390084
52,175296500
52,1362191299
53,366812553
53,366812553
53,366812553
53,366812553
53,366812553
54,271628613
54,45186020
54,17461978
55,615647625
55,35466620
55,22443725
55,27494710
55,57843399
55,2984245541
55,2307418320
55,119909266
55,485326296
55,602765451
55,293625149
55,233687955
55,485326296
55,2889732793
55,124383828
55,3060318844
55,23742474
55,2300664583
55,21232519
55,2411092116
55,77896983
55,3060318844
55,602765451
56,29926355
56,248383743
56,2373466413
56,407054921
56,428169085
56,186101324
56,454104202
56,1941636222
56,200583835
56,407054921
56,590042787
56,365853191
56,2302620180
56,2302620180
56,302624914
56,3182140393
56,256930894
56,524090099
56,16184358
56,434897540
56,20562637
56,2302620180
56,1930624009
56,637339298
56,5536782
56,2896171563
56,16248319
56,290451534
56,810652854
56,143415291
56,247492663
56,875378544
56,407054921
56,1347971539
56,355170677
56,11505772
56,1410236418
56,397277970
56,476621523
56,184906827
56,425252862
56,234747423
56,407054921
56,249127893
56,261186956
56,10876852
56,42229452
56,446020162
56,534563976
56,141752902
56,264745257
57,538319374
57,538319374
57,995830680
57,1551909120
57,315168938
57,995830680
57,136002930
57,242245578
57,613266344
57,995830680
57,448732241
57,538319374
57,1254211844
57,448732241
57,367582515
57,1551909120
57,995830680
57,480028202
57,995830680
57,366812553
57,995830680
57,773919776
57,448732241
57,448732241
57,318014776
57,807013658
57,296441287
57,448732241
57,408100058
57,448732241
57,448732241
57,995830680
57,420545516
57,420545516
57,1027350758
57,367582515
57,1027350758
57,448732241
57,995830680
57,2370698036
57,136002930
57,448732241
57,1027350758
57,448732241
57,1027350758
57,122969292
57,1027350758
57,1027350758
57,448732241
57,1027350758
57,1027350758
57,995830680
57,448732241
57,448732241
57,448732241
57,96083073
57,448732241
57,448732241
57,448732241
57,564697040
57,448732241
57,448732241
57,1027350758
57,807013658
57,448732241
57,448732241
57,2216009959
57,995830680
57,995830680
57,995830680
57,448732241
57,1027350758
58,995830680
58,2646306542
58,2987591777
58,16028049
58,106682853
58,81399201
58,143511942
58,170014298
58,177040338
58,931588254
58,106682853
58,2391688255
58,66790368
58,482581922
58,15813749
58,2421280351
58,2421280351
58,2457272010
58,24773790
58,331111178
58,201791920
58,545363950
58,731164327
58,545363950
58,731164327
58,15788668
58,51550516
58,17084832
58,3090325207
58,18977990
58,917371014
58,2609998610
58,14936859
58,17084832
58,2987591777
58,106682853
58,545363950
58,482581922
58,415647691
58,399559841
58,2596776325
58,2596776325
58,30147931
58,94822428
59,94822428
59,927772898
59,499948917
59,3805265657
59,17413602
59,2458170333
59,927772898
59,3081672365
60,4149551850
60,3634127357
60,166252256
60,16929108
60,39530187
60,116583614
60,17292623
60,3114836039
60,2364325579
60,162118290
60,2282667775
60,19722699
60,166252256
60,2342138203
60,3097197825
60,162118290
60,23116280
60,15862891
60,166252256
60,166252256
60,162118290
60,376957629
60,17810254
60,16337846
60,162118290
60,4149551850
60,1393155566
60,40086782
60,3344540746
60,40086782
60,4149551850
60,163498605
60,40086782
60,211525471
60,2216169649
60,74748331
60,162118290
60,189134186
60,3461471963
60,2216169649
60,525305912
60,42692251
60,22795742
60,16292218
60,211525471
60,1480104390
60,4018622253
60,19357859
60,3430481861
60,278311832
61,198823085
61,198823085
61,14174897
61,555031989
61,198823085
61,1087512504
61,555031989
61,189953603
61,2761843375
61,1186532348
61,19819769
61,5120691
61,5120691
61,555031989
61,38701364
61,14756232
61,1245092017
61,98388319
61,263623984
61,14800270
61,341410751
61,103989154
61,187521608
61,19819769
61,3301825836
61,1017004244
61,5120691
61,2302620180
61,18264226
61,185327973
61,80422885
61,357689527
61,955147945
61,198823085
61,198823085
61,198823085
61,154785018
61,434897540
61,15521075
61,151437905
61,357689527
61,357689527
61,534563976
61,391215259
61,820035588
61,198823085
61,2613272612
61,896092657
61,382491480
61,445589687
61,1198039298
61,129731515
61,47161023
61,244850468
61,138706071
61,15521075
61,13422012
61,2302620180
61,491387122
61,491387122
61,555031989
61,555031989
61,555031989
61,555031989
61,14174897
61,393033324
61,49383389
61,1186532348
61,13422012
61,15441074
61,118263124
61,14174897
61,1186532348
61,1186532348
61,1186532348
61,1186532348
61,1186532348
61,1186532348
61,1186532348
61,534563976
61,441199260
61,13422012
61,13422012
61,13422012
62,3296454758
62,1946044645
62,1152218401
62,1152218401
62,441811996
62,2486594453
62,4092935633
62,3281792226
62,3502119677
62,3502119677
62,2739482227
62,631980235
62,2641281037
62,2233088824
62,4450287226
62,422131666
62,1891986116
62,2804660863
62,851837761
62,374568624
62,2548532694
62,1539304975
62,3035182830
62,520542389
62,270553581
62,270553581
62,335894899
62,310105827
62,433485154
62,2294287749
62,1172081964
62,1034115240
62,2173184038
62,911369748
62,251352535
62,2185193859
62,3318099656
62,1458507746
62,526503320
62,517521257
62,2165370869
62,442769526
62,2151689298
62,2162712231
62,772482498
62,1253443063
62,1167415442
62,888393829
62,1172081964
62,2462604003
62,445771920
62,445771920
62,445771920
62,445771920
62,491983125
62,707393618
62,823178796
62,296931186
62,993426326
62,3273069967
63,340274962
63,4470852573
63,2334118765
63,2425689728
63,2449380489
63,2449380489
63,506237883
63,2864582925
63,2425689728
63,2991924101
63,4142900693
63,2342542776
63,381433800
63,2342542776
63,2342542776
63,3229869915
63,340274962
63,381433800
63,3556996043
63,1344512563
63,598522928
63,3194767183
63,240782084
63,1514606815
63,2342542776
63,387927222
63,782668507
63,543551058
63,4523240428
63,3249201703
63,3367030546
63,267899478
63,2342542776
63,2830554256
63,1344512563
63,2223258386
63,1514606815
63,2734526490
63,2830554256
63,1421038747
63,3926751629
63,427833349
63,2148029024
63,4074574881
63,2342542776
63,2958104825
63,3653487200
63,782339570
63,2646950750
63,1222335698
63,17486794
63,4074574881
63,3556996043
63,258532759
63,1626521426
63,258532759
63,3556996043
63,3860630052
63,427833349
63,149997347
63,491108810
63,149997347
63,149997347
63,2887695019
63,3556996043
63,2197036687
63,2342542776
63,2342542776
63,381433800
63,247984279
63,243904689
63,262205137
64,2342542776
64,14515799
64,75641903
64,23995748
64,366353448
64,313663341
64,4322318008
64,71294756
64,1591400760
64,22197058
64,16017475
64,604949797
64,18939358
64,1339835893
64,17175457
64,109974187
64,18544796
64,829712642
64,426917520
64,17189640
64,2871722653
64,17583309
64,14940354
64,22650211
64,16193222
64,16193222
64,5695632
64,43412697
64,2332461674
64,2718611844
64,16006592
64,16006592
64,16006592
64,16006592
64,1665386791
64,14529929
64,14529929
64,14529929
64,14529929
64,14529929
64,14529929
64,14529929
64,14529929
64,14529929
65,14529929
65,328990309
65,2985259830
65,1877714197
65,189213655
65,189213655
65,35203319
65,277239808
65,15184929
65,876531985
65,4509
65,22843337
65,386611566
65,88821769
65,227423290
65,40051049
65,22684343
65,24881906
65,35203319
65,505624877
65,421295817
65,24847320
65,24847320
65,17497903
65,2829291744
65,39826989
65,113022733
65,482605939
65,308496455
65,745273
65,2846427466
65,16028975
65,2494225975
65,1095418308
65,192427420
65,35203319
65,35203319
65,50393960
65,749346031
65,46410765
65,46410765
65,35203319
65,17620820
65,60642052
65,328209091
65,14885549
65,20336437
65,707173692
65,54646443
65,94133565
65,241007239
65,1413221473
65,221507850
65,14786133
65,10353592
65,20336437
65,11454572
65,2494225975
65,205315827
65,209104486
65,28816576
65,2856077508
65,2797199022
65,24047302
65,927772898
65,17999806
65,122177462
65,22466591
66,14090906
66,13275122
66,3099917723
66,1145973618
66,14090906
66,495063100
66,95563353
66,4253020032
66,28388393
66,95563353
66,14090906
66,17265221
66,2840205628
66,14090906
66,2241041
66,67680366
66,14090906
66,2382503946
66,14090906
66,38071363
66,16339709
66,354998770
66,1289453659
66,550859038
66,14181505
66,14090906
66,14090906
66,14090906
66,2121681
66,16339709
66,14090906
66,3405916798
66,57629490
66,14090906
66,2326785541
66,17445813
66,14090906
66,8371802
66,2765966522
66,2765966522
66,2765966522
66,18018985
66,95339302
66,42992649
66,14090906
66,14150736
67,298617021
67,359128465
67,873914119
67,123944252
67,108978860
67,20437286
67,30313925
67,21011098
67,14147479
67,227353696
67,538442402
67,1631160535
67,259425578
67,1692564283
67,889201868
67,1410975780
67,1410865542
69,4004488408
69,543100586
69,415453936
69,123050113
69,543100586
69,15817109
70,952503846
70,952483908
70,124865633
70,14882772
70,704451812
70,14181505
70,60140244
70,60140244
70,133043595
70,243814985
70,17786126
70,243320831
70,9442352
70,17786126
70,124865633
70,2269701
70,14767995
70,18785864
70,42654085
70,41035489
70,33615391
70,243814985
70,243814985
70,56778388
70,124865633
70,243814985
70,243814985
70,22790881
70,139362186
70,14414286
70,243814985
70,243814985
70,243814985
70,14893620
70,60140244
70,2269701
71,310339693
71,19080617
71,1112462378
71,310339693
71,12014302
71,19075058
71,64455552
72,17993404
72,487357501
72,2617512318
72,52722878
72,30841465
72,1410226046
72,50504510
72,52722878
72,82952699
72,308587014
72,40829038
72,99528392
72,19070986
72,1438814024
72,18764992
72,126360941
72,210925142
72,1410226046
72,52722878
72,52722878
72,40829038
72,308587014
72,210925142
72,210925142
72,40829038
72,52722878
72,40829038
72,210925142
72,1438814024
72,308587014
72,210925142
72,210925142
72,2147641105
72,122680095
72,122680095
72,2147641105
72,40829038
72,52302477
72,400710349
72,116916677
72,110420616
72,110420616
72,12785742
72,2424680826
72,584776235
72,2306735286
72,2784264380
72,40829038
72,2784264380
73,584776235
73,56510427
73,157045944
73,19754444
73,1048459358
73,8841372
73,2459146530
73,27183959
73,19407053
73,29982353
73,25267730
73,2459146530
73,2459146530
73,1024244078
73,64362728
73,40892552
73,40892552
73,46112264
73,130176486
73,10876852
73,573918122
73,2459146530
73,7071162
73,22642788
73,2767952581
73,20562637
73,2767952581
73,3373362447
73,2480928458
73,2758355376
73,1350746466
73,816653
73,46112264
73,1350746466
73,2459146530
73,2459146530
73,2459146530
73,2459146530
73,7071162
74,153049309
74,18983429
74,757458168
74,255670870
74,605203893
74,43130563
74,81693307
74,1543121
74,457095704
74,457095704
74,212814209
74,187999251
74,21445961
74,359035195
74,1267770224
74,1269166249
74,39453300
74,61394522
74,334002593
74,1269166249
74,15637093
74,14156977
74,15300995
74,9980812
74,32839909
74,31458740
74,116065142
74,487604356
74,12667532
74,16879627
74,279392509
74,2440574138
74,33331607
74,2177675880
74,25127035
74,277735240
74,9906082
74,14181505
74,43815072
74,704451812
74,457095704
74,839940276
74,238781296
74,218798348
74,1432191
74,926702778
74,487604356
74,39453300
74,487604356
74,14156977
74,2436389418
74,15092452
74,2290536727
74,18788558
74,18075045
74,18948706
74,2147831388
74,19480624
74,405658492
74,18789893
74,366455913
74,41258937
74,19480624
74,1567826366
74,1046660040
74,2370179022
74,43130563
74,14181505
74,971761
74,16589206
74,36327292
74,18978610
74,18983429
74,297856522
74,124865633
74,209811713
74,37688509
74,246719553
74,457095704
74,209614944
74,5676102
74,1587221852
74,337224599
74,1046660040
74,1046660040
75,64172365
76,54290504
76,54290504
76,16846294
76,14792418
76,28128776
76,21441630
76,19297246
76,19097159
76,21441630
76,19297246
76,132276254
76,19297246
76,16362921
76,19297246
76,19097159
76,19097159
76,21441630
76,19097159
76,19097159
76,23293367
76,57690927
76,19097159
76,2706357732
76,526837239
76,19097159
76,750050767
76,21441630
76,163897617
76,750050767
76,3048803128
76,21233990
76,2706357732
76,18981334
76,53246092
76,11348282
78,549194825
78,163500221
78,353414062
78,232932965
78,725425135
78,180661819
78,2550449089
79,22856987
79,364956613
79,437627160
79,384600885
79,211583400
79,15754344
79,15254955
79,353789193
79,146502086
79,409551566
79,14888704
79,16246929
79,11454572
79,46063
79,16076032
79,19826509
79,22387220
79,2199541
79,2244340904
79,14265924
79,14222615
79,15211440
79,19293520
79,78012548
79,22660345
79,14370402
79,14207809
79,271051788
79,1613454290
79,14370402
79,224079521
79,7331862
79,18206161
79,17915782
79,20629862
79,20629862
79,81961201
79,17096538
79,750532897
79,459483899
79,104070525
79,44388921
79,69266402
79,110742456
79,2317524115
80,214624407
81,73171384
81,940832767
81,10876852
81,8325052
81,133729321
81,23566038
81,952483908
81,75038992
81,14365183
81,1337271
81,2663058433
81,564919357
81,1138959692
81,3414684603
81,3414684603
81,3414684603
81,105270139
81,17221819
82,54680379
82,2373735295
82,42176166
82,2445516865
82,225235528
82,294071256
82,2467457791
82,17094311
82,16589206
82,14182218
82,25014406
82,1381926373
82,43586811
82,2329066872
82,2319108198
82,31030273
82,2497274298
82,119356526
82,2916305152
82,2305351020
82,2916305152
82,822787866
82,52998787
83,611986351
83,93724448
84,632430539
84,84841519
84,750532897
84,16528388
84,409551566
84,17096538
84,66866051
84,16528388
84,110742456
84,750532897
84,464611400
84,13507272
84,464611400
84,750532897
84,750532897
84,750532897
84,750532897
84,15066290
84,16528388
84,30082212
84,16528388
84,632430539
84,48838943
84,590538014
84,12953952
84,84176946
84,54957031
84,15066290
84,54957031
84,750532897
84,750532897
84,1063624591
84,750532897
84,335939940
84,750532897
84,750532897
84,14969519
84,750532897
84,16528388
84,2819176904
84,335939940
84,14969519
84,16528388
84,16528388
84,1063624591
84,1119409808
84,750532897
84,16528388
84,15066290
84,314361964
84,16528388
84,16528388
84,15066290
84,15066290
84,409551566
84,14370402
84,1194926401
84,16528388
84,750532897
84,16528388
84,399122322
84,17934141
84,750532897
84,750532897
84,384600885
84,16528388
84,16528388
84,18684144
84,16212833
84,16528388
84,2601156570
84,187944376
84,1194926401
84,36257437
84,65095375
85,18222696
85,20262641
85,2813580175
85,576383203
85,2813580175
85,15136500
85,2315871932
85,2828274378
85,10420662
85,2371130282
85,3558579676
85,12953952
85,15136500
85,12953952
85,2872297709
85,3056394376
85,13507272
85,3056394376
85,51705399
85,2813580175
85,12953952
85,3056394376
85,389551993
85,2315871932
85,227423290
85,2371130282
85,389551993
85,17620820
85,1063624591
85,2371130282
85,576383203
85,16528388
85,249339630
85,12953952
85,12953952
85,322527525
85,418079073
85,409551566
85,464611400
85,384600885
85,3056394376
85,84841519
85,409551566
85,20262641
85,106251985
85,2813580175
86,762007345
86,259725229
86,163997887
86,15164565
86,14103558
86,2706797414
86,1225775714
86,263792919
86,1138959692
86,3090421505
86,10420662
86,2916305152
86,94134508
86,259725229
86,345177338
86,21301903
86,38182445
86,2720877595
86,1138959692
86,222553194
86,222553194
86,1041346340
86,77888423
86,1138959692
86,1138959692
86,14245284
86,34743251
86,2291396396
86,9551792
86,1138959692
86,7736942
86,222553194
86,3236410394
86,18983897
86,17092977
86,2798524260
86,28552516
86,492388638
86,1138959692
86,14372486
86,9551792
86,435096050
86,232680302
86,176724026
86,1463880866
86,749583
86,224163572
86,2897815260
86,5971922
86,1138959692
86,4519121
86,222553194
86,699263
86,224163572
86,60642052
86,1320073344
86,816653
86,16879998
87,52351557
88,14706299
88,249141784
88,243764385
88,14706299
88,15334442
88,2301963115
88,2667052088
88,271464427
88,2667052088
88,2371130282
88,271464427
88,2667052088
88,2667052088
88,2667052088
88,770797550
88,935127458
88,2667052088
88,2667052088
88,14706299
88,273977596
88,2667052088
88,19754444
88,61697242
88,1225775714
88,1225775714
88,583450546
88,243764385
88,61697242
88,596883011
88,19754444
88,17825500
88,28873233
88,28873233
88,2715233518
88,19217918
88,18983897
88,18983897
88,19754444
88,1898009558
88,441498632
88,28873233
88,19754444
88,18983897
88,18983897
88,14244461
88,2610007699
88,61697242
88,2610007699
88,404246958
88,1318539494
88,384600885
88,15785718
88,17825500
88,19575406
88,24358412
88,17000457
88,17000457
88,47460777
88,17170638
88,2371130282
89,15747981
89,83769450
89,138176285
89,79239477
89,138176285
89,138176285
89,15563081
89,83769450
89,138176285
89,16748161
89,273950412
89,42804564
89,42804564
89,42804564
89,17143251
89,2149490797
89,755705088
89,581372036
89,57440969
89,96279191
89,714591024
89,17143251
89,404211634
89,42804564
89,203804349
89,42804564
89,728012034
89,187604730
89,755705088
89,42804564
89,3157884781
89,42804564
89,2485761421
89,279009807
89,18690323
89,203804349
89,1654046532
89,379483327
89,57192554
89,3353729182
89,96279191
89,83769450
89,55149136
89,13815052
89,14469132
89,143916147
89,2842098076
89,23582581
89,81530485
89,83769450
89,14469132
89,42804564
89,42804564
89,16748161
89,138176285
89,103135101
89,239918011
89,15563081
89,16679455
89,16748161
89,714591024
90,127889171
90,17063588
90,2371130282
91,2451759192
91,298679045
91,257669543
91,33267683
91,596006889
91,17598989
91,3261268965
91,17598989
91,89552537
91,298679045
91,17598989
91,89552537
91,596006889
91,16908416
91,24756255
91,596006889
91,17598989
91,17598989
91,89552537
91,747864013
91,596006889
91,298679045
91,17598989
91,21328978
91,257151647
91,361111228
91,4338125112
91,298679045
91,17598989
91,17598989
91,4321613248
91,298679045
91,17598989
91,17598989
91,239946976
91,19936330
91,371307160
91,17598989
91,17598989
91,24756255
91,17598989
92,15211461
92,326405717
92,15211461
92,412393061
92,15211461
92,410464889
92,16042093
92,963248990
92,15205352
92,15211461
92,149113412
92,15211461
92,149113412
92,1225775714
92,15211461
92,235077670
92,14370402
92,2396437530
92,14370402
92,14370402
92,481659808
92,235077670
92,1279108712
93,39635043
93,370246300
93,299239037
93,299239037
93,521827415
93,299239037
93,299239037
93,299239037
93,2565278798
93,23345489
93,299239037
93,299239037
93,19017255
93,10638
93,1056254191
93,1526595216
93,299239037
93,1703874307
93,141231129
93,299239037
93,299239037
93,1526595216
93,299239037
93,299239037
93,299239037
93,3169041140
93,2587646102
93,299239037
93,299239037
93,299239037
93,19238948
93,3168230276
93,299239037
93,299239037
93,544008768
93,3169041140
93,299239037
93,3169041140
93,19754444
93,299239037
94,299239037
94,84841519
94,46666492
94,29982353
94,15136500
94,4333415014
94,112167718
94,1128813198
94,370246300
94,1128813198
94,1128813198
94,370246300
94,280562100
94,82373596
94,4333415014
94,16847082
94,505624877
95,285428413
95,1138959692
95,1138959692
95,222553194
95,285428413
95,1138959692
95,53112126
95,54159249
95,1138959692
95,572225652
95,210193709
95,1306501801
95,285428413
95,14159158
95,1010711
95,1304641663
95,19664663
95,44668175
95,400901678
95,10650562
95,285428413
95,36448065
95,107236680
95,1873671373
95,44258478
95,3246181182
95,2400452360
95,1138959692
95,140969989
95,1138959692
95,6041492
95,1138959692
95,195758882
95,140969989
95,119933555
95,140969989
95,1648999932
95,140969989
95,21752304
95,159822053
95,140969989
95,47707747
95,21752304
95,21752304
95,1591568383
95,17757889
95,21752304
95,1138959692
95,44258478
95,1138959692
95,1138959692
96,1138959692
96,4218615754
96,4218615754
96,32347444
96,310810258
96,32347444
96,32347444
96,32347444
96,15155675
96,32900114
96,32900114
96,10179552
96,32347444
96,351520511
96,32900114
96,310810258
96,18063358
96,2571178250
96,15155675
96,351520511
96,32347444
96,310810258
96,2571178250
96,32347444
96,392635839
96,1431551
96,2571178250
96,15155675
96,32347444
96,183579921
96,32347444
96,121513732
96,11033
96,2717248976
96,163544554
96,268181178
96,32347444
96,2717248976
96,1304604337
96,40655158
96,2717248976
96,32347444
96,32347444
96,18758547
96,32347444
96,32347444
96,32347444
96,32347444
96,15155675
96,15155675
96,15155675
96,268181178
96,2717248976
96,32347444
96,32347444
96,988465844
96,2717248976
96,32347444
96,32347444
96,32347444
96,713111808
96,42378722
96,42378722
96,42378722
96,42378722
96,2650962710
96,2717248976
96,268181178
96,15155675
96,310810258
96,418936416
96,268181178
96,2650962710
96,32347444
96,30953437
96,32347444
96,2650962710
96,17860857
96,17860857
96,1304604337
96,32347444
96,15155675
96,206278538
96,884632902
96,206278538
96,206278538
96,206278538
96,206278538
96,32347444
97,1304604337
97,61697242
97,37472493
97,37472493
97,34478091
97,61697242
97,61697242
98,815702167
98,815702167
98,24304268
98,24304268
98,2966116756
98,333500258
98,815702167
98,12599552
98,964641
98,135429119
98,58507461
98,22090529
99,16246973
99,38497652
99,38497652
99,140547998
99,10781952
99,36093693
99,1132010306
99,5943622
99,914629286
99,38497652
99,56191110
99,56191110
99,23109181
99,31348619
99,13889622
99,283053195
99,81642714
99,3980180038
99,354220053
99,63506279
99,38497652
99,258180422
99,470847338
99,127617936
99,127617936
99,26650382
99,776085678
99,61463704
99,2339513444
99,38497652
99,219083847
99,2525906341
99,59603406
99,2529971
99,12092012
99,216124294
99,219083847
99,219083847
99,1152264182
99,329809276
99,25073877
99,5943622
99,1242511
99,1152264182
99,76351598
99,19712106
99,25103
99,24077995
99,590039419
99,38497652
99,14245284
99,38497652
99,15312928
99,158135219
99,26523333
99,914629286
99,354220053
99,158135219
99,1698582715
99,1329243757
99,510860223
99,2897815260
99,6450462
99,2317761902
99,38497652
99,3331374167
99,283734762
99,10809412
99,67958182
99,487118986
99,34857095
100,3837921375
100,61697242
100,53184453
100,53184453
100,336289087
100,61697242
100,88982108
100,258988172
100,2858616674
100,14051115
100,110742456
100,1092089610
100,71030343
100,2667052088
100,9737032
100,14244461
100,2667052088
100,3076315835
100,61697242
100,14800144
100,262940517
100,2949668627
100,770797550
100,14221895
100,61697242
100,14221895
100,258988172
100,80895258
100,61697242
100,17825500
100,2949668627
100,2842829341
100,2667052088
100,61697242
100,2667052088
100,3002580366
100,2667052088
100,61697242
100,1225775714
100,336289087
100,14221895
100,409551566
100,4195982363
100,336289087
100,3345651075
100,14273403
100,2767952581
100,258988172
100,142310647
101,19754444
101,34734082
101,310947580
101,27204108
101,1182364279
101,3288219951
101,137703483
101,15344145
101,19924087
101,188768854
101,40532389
101,2285051
101,29707497
101,69080476
101,232235048
101,17145512
101,14653034
101,2164662709
101,6892312
101,76792634
101,2651443580
101,27082836
101,19358633
101,3152587277
101,19604907
101,103688177
101,19319379
101,24878499
101,22001973
101,2319479905
101,22021978
101,558926869
102,63528313
102,93618872
102,12588712
102,93618872
102,5943622
102,235229140
102,235229140
102,474964424
102,235229140
102,90219306
102,2327654917
102,227937965
102,14854023
102,90219306
102,93618872
102,150400398
102,2857907670
102,93618872
102,1668338150
102,93618872
102,1381685072
102,19608199
102,8170292
102,60783724
102,93618872
102,8170292
102,93618872
102,299865722
102,3315766473
102,2479789014
102,2620192647
102,1960825746
102,253109286
102,38205414
102,22481472
102,8170292
102,2327654917
102,219345607
102,27066806
102,157997359
102,219345607
102,511402689
102,17736588
102,157997359
102,1329119676
102,22401999
103,3304369389
103,253466685
103,4075569586
103,406331734
103,87818409
103,1374432792
103,299734693
103,26012202
103,880178275
103,205752843
103,1408313922
103,1264698888
103,25332827
103,388293832
103,142818234
103,211069449
103,211069449
103,123038255
103,251714858
104,309126590
104,4242849675
104,1938487315
105,451586190
105,1541364193
105,17921791
105,130109576
105,130109576
105,2543147876
105,130109576
105,16139649
105,465973
105,40015623
105,465973
105,95699146
105,19920041
105,65322179
105,105236496
105,18541636
105,61183568
105,14085096
105,90424949
105,158021529
105,16139649
105,465973
105,18541636
105,3695647695
105,16139649
105,24444965
105,46867946
105,46867946
105,50591603
105,16558943
105,267862234
105,85794542
105,1541364193
105,162473641
105,20598137
105,20052899
105,16692859
105,65322179
105,18951658
105,3761322683
105,465973
105,465973
105,18541636
105,19925839
105,159992511
106,2924809397
106,2737114498
106,19534996
106,10162
107,38681183
107,160924991
107,132132703
107,2948937802
107,569090904
107,20499665
107,370827114
107,15761887
107,165401641
107,122728088
107,2179660838
107,589157784
107,38451030
107,616010173
107,588259039
107,144780821
107,18016521
107,1734940808
107,14408711
107,15452404
107,77803915
107,719898644
108,14577516
108,14700902
108,16973333
108,90034304
108,2977849811
108,2716516619
108,2461887810
108,56687115
108,14431987
108,2868587227
108,13557972
108,36941760
108,18720918
108,20985003
108,7555262
108,3477429197
108,19906615
108,15947602
109,1465707464
109,3107373729
109,3107373729
109,3107373729
109,52372692
109,3107373729
109,104133215
109,330164018
109,52372692
109,361869065
109,104133215
109,361869065
111,1860558529
111,3044632504
111,140134246
111,1860558529
111,17423588
111,33848504
111,3107373729
111,26210681
111,3107373729
111,3107373729
111,3107373729
111,3107373729
111,863049589
111,52372692
111,3107373729
111,3107373729
111,155584627
111,1534493138
111,2202900275
111,26201346
111,587495623
111,2190468980
111,878547420
111,233489955
111,3107373729
111,52372692
111,746694775
111,1461434137
111,784778940
111,46380983
111,2910602092
111,784778940
111,332509561
111,3107373729
111,1461434137
111,92116069
111,1263752238
111,104133215
111,847203050
111,1165867028
111,104133215
111,3107373729
111,3107373729
111,3107373729
111,3107373729
111,3107373729
111,1612448300
111,1037921899
111,327577091
111,327577091
111,3107373729
111,1461434137
111,104133215
111,863049589
111,2776622671
111,1871007926
111,262702115
111,553829808
111,3107373729
111,3001453293
111,2329916507
111,55787589
111,3312390766
111,2516008850
111,104133215
111,284177873
112,16343974
112,16343974
112,15741261
112,39262484
112,18050794
112,92759618
112,16343974
112,745339620
112,243836022
112,26600053
112,26600053
112,236055826
112,280941951
112,93446346
112,395237176
112,1598644159
112,2225569800
112,510263933
112,16343974
112,14527141
112,98357151
112,1608571856
112,377480869
112,20434379
112,1512898820
112,17133807
112,24434314
112,19644330
112,18020612
112,17133807
112,853170834
112,311911910
112,1686868776
112,3107342174
113,5910492
113,75597841
113,137295176
113,72260786
113,72260786
113,14123689
113,8170292
113,409293600
113,95740980
113,923263237
113,4898091
113,72260786
113,18949452
113,16379264
113,95740980
113,17154865
113,13098602
113,18949452
113,18949452
113,137295176
113,75597841
113,75597841
113,72260786
113,923263237
113,20237824
113,17766403
113,870051811
113,72260786
113,2349845856
113,16973333
113,75597841
113,2349845856
113,75597841
113,101495057
113,72260786
113,18949452
113,20237824
113,923263237
113,95740980
113,95740980
113,95740980
113,18949452
113,75597841
113,72260786
113,415162673
113,317531538
113,72260786
113,135640929
113,57268394
113,72260786
113,72260786
113,42589787
113,2349845856
113,145068025
113,615148002
113,72260786
113,870051811
113,72260786
113,18949452
113,72260786
113,75597841
113,95740980
113,619123865
113,619123865
113,72260786
113,927783252
113,923263237
113,18944486
113,17681461
113,352595592
114,381589648
114,225967979
114,326778162
114,326778162
114,240339489
114,41105907
114,41105907
114,41105907
114,284003477
114,41105907
114,1943484187
114,3586567036
114,41105907
114,3586567036
114,83339260
114,41105907
114,41105907
114,41105907
114,41105907
114,41105907
114,41105907
114,41105907
114,63078227
114,16281231
114,41105907
114,41105907
114,47636400
114,873311238
114,90856868
114,150400398
114,166712218
114,5838002
114,72515134
114,72515134
114,237087413
114,2473674332
114,18331985
114,290999229
114,392741269
114,29075172
114,1124827256
114,376740606
114,120257330
114,53107828
114,14085096
114,26985345
114,14224719
114,23950023
114,46867946
114,41105907
114,16343974
114,350141214
114,91812903
114,1020739873
114,464734522
114,61781260
114,14685924
114,3110800479
114,103065157
114,25984418
114,16133363
114,95721440
114,16708655
114,83339260
114,19983221
114,380966413
114,63078227
114,63078227
114,41105907
114,41105907
114,380966413
114,3586567036
114,41105907
114,3321770050
114,41105907
114,41105907
114,41105907
114,41105907
114,41105907
115,41105907
115,176108271
115,591162773
115,138832784
116,125943165
116,125943165
116,79292795
116,403761570
116,338875694
116,112150907
116,215679747
116,2673425388
116,16558943
116,19530134
116,16708655
116,92495367
116,59736898
116,215679747
116,215679747
116,19011697
116,7847192
116,14157134
116,19358633
116,25303558
116,117366399
116,305073570
116,127503320
116,608941142
116,112150907
116,20598137
116,1283775062
116,19530134
116,18541636
117,79292795
117,610659001
117,14563023
117,378235497
117,2798941923
117,308105256
117,216122857
117,2407801430
117,610659001
117,21812308
117,2603889039
117,77254582
117,5402612
117,610659001
117,61183568
117,61183568
117,2215860266
117,21218554
117,3294157343
117,970269500
117,2401651836
117,16133363
117,610659001
117,195037431
117,2407801430
117,61211629
117,20668369
117,195037431
117,465965880
117,18904582
117,18904582
117,5988062
117,2547893780
117,24234737
117,2407801430
117,610659001
117,2407801430
117,610659001
118,19983221
119,12870772
119,18134929
119,227460544
119,14302805
119,4328930475
119,227460544
119,14302805
119,3320886334
119,3320886334
119,76481711
119,12870772
119,897903942
119,76481711
119,18134929
119,14190551
119,164670951
119,12870772
119,3436838302
119,18460290
119,12870772
119,18460290
119,14190551
119,12870772
119,21713090
119,14291684
119,143212610
119,14291684
119,90599068
119,227460544
119,39969997
119,18134929
119,4328930475
119,82154934
119,2833848197
119,3297752119
119,412425734
119,161668157
119,589098878
119,161668157
119,2192446680
119,12870772
119,4328930475
119,12870772
119,12870772
119,56649229
119,39969997
119,897903942
119,229502710
119,1413250562
119,242278406
119,16973333
119,3320886334
119,172267021
119,143779403
119,4072320430
119,18134929
119,2251867968
119,897903942
119,1336357328
119,90599068
119,18460290
119,3393953087
119,12870772
119,14291684
119,12870772
119,2192446680
119,161668157
119,161668157
119,161668157
119,4328930475
119,328634628
119,130138925
119,387054267
119,387054267
119,161668157
119,757401722
119,1585802100
119,2385083917
119,20320185
119,227460544
119,161668157
119,3320886334
119,154661114
120,1275761563
120,81424053
120,8859092
120,81424053
120,97909412
120,142024046
120,71554273
120,1091690629
120,81424053
120,265705962
120,39324127
120,52574994
120,21794900
120,16017472
120,27554091
120,16017472
120,81424053
120,10073012
120,2358563918
120,12837932
120,21935906
120,1911128240
120,17993004
120,17807189
120,16017472
120,81424053
120,2192215837
120,1394892254
120,16017472
120,16017472
120,240578571
120,16017472
120,81424053
120,81424053
120,22671375
120,107145088
120,17471979
121,19983221
121,240181737
121,19983221
121,19983221
121,403459590
121,79729801
121,19983221
122,128198774
122,2870874946
122,2870874946
122,2870874946
122,1775731
122,20430688
122,3328070656
122,3226043632
122,4012183877
122,3407652820
122,620071196
122,20077433
122,2979913319
122,26304307
122,53962656
122,241286847
122,48275733
122,2501509382
122,206995167
122,3063120171
122,845116076
122,3317881340
122,85108629
122,3407157039
122,2172566153
122,1116594558
122,3407157039
122,1693569775
122,4342436595
122,1638246391
122,2885506737
122,516455524
122,368553995
122,4041552442
122,1409502518
122,140685175
122,3407157039
122,1516778012
122,819676280
122,325050750
122,2839475248
122,39790979
122,355537169
122,1116594558
122,147247464
122,833395710
122,2614039042
122,2151617310
122,16308802
122,241286847
122,209644081
122,277698295
122,227476559
122,169547461
122,16649635
122,52990246
122,29979294
122,127992719
122,80107959
122,3145952175
122,48662533
122,21291593
122,126339630
122,540692493
122,3306519077
122,69806656
122,133684992
122,20903230
122,16308802
122,3071226496
122,3028709141
122,3317881340
122,3317881340
122,3089221139
122,69806656
122,3059394340
122,2730884818
122,354835655
123,19979086
123,40874631
123,27915105
123,3108351
123,68377720
123,7847192
123,350958562
123,63687427
123,65466158
123,68377720
123,3686438355
123,3686438355
123,2686800158
123,68377720
123,311978366
123,68377720
123,68377720
123,2686800158
123,68377720
123,68377720
123,68377720
123,350958562
123,79292795
123,68377720
123,68377720
123,1391458254
123,1417251
123,68377720
123,68377720
123,260377391
123,68377720
123,68377720
123,68377720
123,4898091
123,329818631
123,68377720
123,68377720
123,68377720
123,68377720
123,68377720
123,601122867
123,219275799
123,68377720
123,68377720
123,68377720
123,68377720
123,68377720
123,28195764
123,68377720
123,68377720
123,68377720
123,343574186
123,68377720
123,234402388
123,68377720
123,223576940
123,259288589
123,3888592215
123,19644592
123,22473844
123,215679747
124,161351071
124,20598137
124,36321794
124,14085096
124,137758639
124,1953001
124,182818643
124,25119183
124,219275799
124,498986721
124,162044153
124,52393483
124,498986721
124,20547642
124,15778426
124,162044153
124,278025096
124,18809812
124,20598137
124,106118793
124,17808531
124,130120037
124,95721440
124,162044153
124,47599899
124,21678286
124,3013229182
124,17808531
124,162044153
124,636878293
124,7847192
124,19983221
124,182818643
124,20598137
124,14810076
124,18448883
124,362641628
124,26230924
124,124419874
124,38162820
124,1966853138
124,137758639
124,24758341
124,15249629
124,615034583
124,373291947
124,120257330
124,373291947
124,373291947
124,2890866940
124,464820349
124,278025096
124,22776133
124,162044153
124,162044153
124,27695248
124,14085096
124,460401829
124,15249629
124,52418188
124,2861345003
124,19908335
124,22812734
124,3092390579
124,3092390579
124,3092390579
124,27844589
124,161351071
124,66673916
124,278025096
124,66673916
124,40015623
125,375721095
125,7587032
125,18424289
125,22240612
125,15110357
125,7852612
125,553822388
125,1115874631
125,16045956
125,487118986
125,472962312
125,223372811
125,223372811
125,404520474
125,120180668
125,2992395456
125,1626294277
125,475066802
125,50910154
125,14173315
125,60113926
125,1917731
125,14173315
125,912583795
125,60113926
126,2962238255
126,2962238255
126,2459455615
126,7587032
126,2459455615
126,3522549561
126,343941824
126,2160968579
126,2459455615
126,2962238255
126,16542764
126,262077040
126,2444328073
126,1615108514
126,137903603
126,3290289945
126,20052899
126,196642609
126,2444328073
126,196642609
126,2160968579
126,60611314
126,60611314
126,196642609
126,1270228513
126,636844216
126,40010267
126,40010267
126,3522549561
126,2160968579
127,787511155
127,370335642
127,2168155795
127,598577216
127,218095155
127,135244335
127,6549332
127,549201908
127,260299253
127,1480745756
127,260299253
127,265902729
127,598577216
127,598577216
128,311945784
128,143740022
128,21392716
128,143740022
128,21887420
128,22919789
128,76887832
128,295588168
128,295588168
128,143740022
128,1729112666
128,21392716
128,295588168
128,143740022
128,21887420
128,21392716
128,21392716
128,21392716
128,143740022
128,14684809
128,26049633
128,21392716
128,761654978
128,314452645
128,143740022
128,252974476
128,295588168
129,14431752
129,72256070
129,228738207
129,333986545
129,24885674
129,202733579
129,202733579
129,96107288
129,42652632
129,28354758
129,42652632
129,72256070
129,72256070
129,402676543
129,333986545
129,574546092
129,139222822
129,139222822
129,139222822
129,202733579
129,79139232
129,15009855
129,79139232
129,15389904
129,72256070
129,4171730367
129,24885674
129,24885674
129,202733579
129,518891781
129,2385023718
129,14431752
129,72256070
129,28354758
129,42652632
129,36030489
129,36030489
129,228738207
129,42652632
129,2746112688
129,247244594
129,3241709954
129,202733579
129,2408898672
129,28354758
129,42652632
129,2777474069
129,72256070
129,47230280
129,305660827
129,80795321
129,79139232
129,333986545
129,7039722
129,221616396
129,202733579
129,202733579
129,202733579
129,1428918320
129,24885674
129,45205091
129,2427400058
129,36030489
129,14431752
129,36030489
129,79139232
129,79139232
129,79139232
129,2423667950
129,139222822
129,82854784
129,72256070
129,72256070
129,2364035719
130,101516926
130,46867946
130,1203945373
130,1203945373
130,1203945373
130,24885674
130,14224719
130,79255216
130,1704527995
130,1704527995
130,79255216
130,1704527995
130,1704527995
130,1704527995
130,1704527995
130,1704527995
130,1704527995
130,1704527995
130,49083591
130,1704527995
130,79255216
130,1704527995
130,55667577
130,79255216
130,1704527995
130,1704527995
130,1704527995
130,1704527995
130,84389583
130,1704527995
130,35228407
130,1704527995
130,1704527995
130,1704527995
130,79255216
130,1704527995
130,1704527995
130,111554559
130,1704527995
130,1704527995
130,1704527995
130,1704527995
130,1704527995
130,84389583
130,79255216
130,1704527995
130,55667577
130,1127968447
130,55667577
130,25513851
130,233489955
130,15444206
130,1704527995
130,1704527995
130,4007912723
130,1704527995
130,1704527995
130,55667577
130,84389583
130,55667577
130,2806864609
131,24150300
131,240666745
131,24150300
131,3130618241
131,169078217
131,3130618241
131,3130618241
131,3130618241
131,3130618241
131,3130618241
131,3130618241
131,1262033882
131,3130618241
131,3130618241
131,3130618241
131,24150300
131,3130618241
131,3130618241
131,3130618241
131,3130618241
131,3130618241
131,20274912
131,24150300
131,28297965
131,56705748
131,56705748
131,18639734
131,23746926
131,52700860
131,1707855049
131,24150300
131,947546857
131,568171398
131,20274912
131,24150300
132,1364930179
132,1205146927
132,2365424869
132,34003286
132,22191939
132,2205095328
132,87818409
132,44962017
132,2205095328
133,14361155
133,14361155
133,14361155
133,14361155
133,291618268
133,6017542
133,1234333639
133,350527435
133,350527435
133,48339483
133,2163076560
133,143810986
133,48339483
133,186933748
133,90636117
133,961623055
133,20332679
133,1540691875
133,131104852
133,50342678
133,37625123
133,4697285652
133,18181460
133,48261647
133,1187759244
133,20044440
133,1184597126
133,4693646335
133,2358558921
133,1184597126
133,3240396234
133,20044440
133,2295056168
133,1101414445
133,217402665
133,186933748
133,613582776
133,14940354
133,234255694
133,124468712
133,1521116126
133,2187287252
133,1101414445
133,4358711773
133,4693646335
133,1101414445
133,20684715
133,14360516
133,454104861
133,2892719297
133,61740705
133,467519578
133,42338524
133,195997863
133,274684396
133,2768501
133,127180130
133,3294462012
133,22118077
133,195997863
133,6580972
133,61740705
133,61740705
133,107671911
133,4119446079
133,2527700904
133,338985020
133,12763982
133,37628540
133,195997863
133,37892196
133,186933748
133,18382340
133,18382340
133,62540717
133,186933748
133,174557918
133,15787371
133,98141307
133,3801294579
133,19228733
133,389440202
133,1053508400
133,19368347
133,19368347
133,110396781
133,2874952593
133,87778499
133,137428457
133,17737614
133,3163284887
133,411118859
133,236162205
133,85875473
133,14361155
134,1162741826
134,343961846
134,138717046
134,14700117
134,7587032
134,16719746
134,240811692
134,21866939
134,20599792
134,14085096
134,240811692
134,630245641
134,16297426
134,257522741
134,16726035
134,158305164
135,2576923915
135,86977818
135,2576923915
135,146105775
135,800275957
135,1545710958
135,2576923915
135,3306077835
135,2576923915
135,130120505
135,337886919
135,21436960
135,544441767
135,94323646
135,2576923915
135,252592692
135,2395507958
135,2400547356
135,2251954490
135,326687296
135,478739538
135,354152227
135,2201511066
135,284135763
135,14329416
135,17248121
135,1001390960
135,2576923915
135,1557937777
135,20513550
135,952795387
135,35724306
135,20513956
135,287568380
135,1001390960
135,2576923915
135,20512439
136,16112397
136,263251215
136,2174883902
136,2501296444
136,293135502
136,376147835
136,47920812
136,575711744
136,15022190
136,28876803
136,1960370958
136,387220584
136,104604540
136,24744541
136,220789433
136,263251215
136,47920812
136,2391536599
136,19016842
136,1378091263
136,3353015861
136,317958106
136,536300284
136,15022190
136,47722512
136,21184887
136,2576923915
136,14930764
136,22919789
136,376147835
136,3169937621
136,3076962965
136,25170188
136,765025706
136,2576923915
136,387220584
136,807095
136,173992307
136,26576457
136,195989000
136,97839765
136,2790150188
136,27617312
136,13382022
136,21401466
136,91478624
136,22793955
136,387220584
136,2999360613
136,376147835
136,22919789
136,519593076
136,22919789
136,2303756300
136,2330134848
136,15164565
136,15028114
136,265541148
136,91478624
136,387220584
136,387220584
136,519593076
136,21184887
136,14779526
136,47920812
136,28552593
136,310760034
136,44074292
136,70742734
136,403687207
136,22660254
136,3353015861
136,23935040
136,2240567468
136,144863248
136,21184887
136,1006845084
136,2563583874
136,177214413
136,15836703
136,2576923915
136,252168843
136,14930764
136,262579986
136,223416400
136,21184887
136,1585909908
136,387220584
136,529501969
136,14293310
137,55615408
137,3151172525
137,176748213
137,3337385903
137,3313827405
137,1728499646
137,117467695
137,1471402920
137,861807409
137,268378484
137,1354683152
137,347960459
137,27738231
137,571908772
137,4045705365
137,211854672
137,84651450
137,58459664
137,84651450
137,147533588
137,84651450
137,3523618277
138,167823348
138,112829137
138,318502332
138,20978574
138,271413771
138,63004503
138,318502332
138,318502332
138,318502332
138,318502332
138,318502332
138,23443605
138,131500972
138,318502332
138,131500972
138,318502332
139,87818409
139,43928023
139,3825002249
139,73318876
139,3825002249
139,3825002249
139,3825002249
139,114836724
139,3825002249
139,3825002249
139,43928023
139,3825002249
139,3825002249
139,43928023
139,3825002249
139,29169161
139,3825002249
139,3163911286
139,3825002249
139,14634720
139,1540529606
139,270064609
139,17534929
139,3825002249
139,41687953
139,3825002249
139,43928023
139,3825002249
139,808952018
139,20973388
139,414825929
139,14275129
140,3825002249
140,2615001156
140,1648317974
140,506103062
140,16777876
140,3910150037
140,157440392
140,16777876
140,157440392
140,16777876
140,157440392
140,16777876
140,403361766
141,752133
141,15178020
141,33315010
141,2946157493
141,434422363
141,266639627
141,19063141
141,305134471
141,2586966811
141,1040321
141,240339489
141,80588808
141,25876418
141,25876418
141,388832900
142,249543284
142,285641584
142,21866939
142,95721440
142,132113778
142,56706849
142,2437572633
142,21866939
142,158038382
142,46017944
142,3761378175
142,163132365
142,3761378175
142,137960931
142,46017944
142,21866939
142,221549678
142,3761378175
142,196581839
142,239943362
142,3761378175
142,95721440
142,95721440
142,19063141
142,3761378175
142,3761378175
142,25468225
142,36974428
142,351615284
142,3761378175
142,6107422
142,3761378175
142,21866939
142,3761378175
142,3761378175
142,3761378175
142,158038382
142,49641512
142,3761378175
142,19863176
142,21866939
142,3761378175
142,95406926
142,21866939
142,21866939
142,21866939
142,21866939
142,22919206
142,21866939
142,19644592
142,178750719
143,1861764991
143,78604947
143,47711219
143,125026835
143,103309339
143,9763482
143,17895820
143,359992538
143,359992538
143,3326929618
143,191146992
143,14321748
143,418382093
143,16740019
143,17758398
143,86141342
143,51596406
143,465973
143,16887175
143,61244597
143,12848262
143,21005072
143,249158839
143,26990091
144,21866939
144,21866939
144,21866939
144,21866939
144,285641584
144,138419416
144,21866939
144,21866939
144,21866939
144,21866939
144,21866939
144,158305164
144,21866939
144,158305164
144,23236086
144,21866939
144,21866939
144,21866939
144,98625107
144,53082615
144,95721440
144,56706849
144,21866939
144,98625107
144,21866939
144,21297806
144,87216669
144,56706849
144,25468225
144,21297806
144,25468225
144,56706849
144,21866939
144,21866939
144,163132365
144,21866939
144,158305164
144,158305164
144,158305164
144,21866939
144,21866939
144,21866939
144,21866939
144,21866939
144,21866939
145,27369679
145,2743484856
145,37280980
145,35407832
145,124203870
145,91425881
145,2905050443
145,178829030
145,552835601
145,23226772
145,4055946196
145,52344237
145,18205531
145,111640374
145,528029666
145,16017699
145,189896485
145,262856460
145,331120729
145,37303498
145,1347845102
145,234475375
145,18295206
145,2420750478
146,37419826
146,21663902
146,21754620
146,215977337
146,2863728977
146,117777690
146,77234984
146,612473
146,21754620
146,2979904613
146,2425571623
146,706747004
146,580749365
146,393436815
146,389434876
146,26985345
146,248186795
146,245849058
146,219976700
146,114505454
146,113491007
146,108654496
146,117777690
146,33300246
146,66078636
146,21084719
146,20362684
146,15580900
146,14146330
146,102107018
146,19977759
146,351812038
146,5402612
146,97170019
146,79173926
146,23622568
146,5838002
146,78602972
146,271413771
146,78602972
146,5402612
146,621533
146,136263204
146,136263204
146,22473844
146,22460658
146,22460658
146,19397942
146,297061383
146,19397942
146,932446861
146,21666641
146,52000483
146,393637870
147,16343974
147,8830542
147,19603790
147,135526645
147,20431187
147,20431187
147,20431187
147,20431187
147,20431187
147,18599718
147,20431187
147,8830542
147,2599876596
147,18599718
147,8830542
147,135526645
147,90896009
147,20431187
147,2414613606
147,437387794
147,276741154
147,20431187
147,20431187
147,20431187
147,20431187
147,20431187
147,20431187
147,20431187
147,20431187
147,8830542
147,8830542
147,44630738
147,20431187
147,20431187
147,20431187
147,2599876596
148,20973388
148,28528172
148,40054452
148,2425494170
148,15146163
148,2425494170
148,2425494170
148,2425494170
148,2425494170
148,15146163
148,15146163
148,2425494170
148,15146163
148,577479774
148,15146163
148,2425494170
148,17997570
148,2425494170
148,2425494170
148,2425494170
148,15146163
148,15146163
148,333846951
148,333846951
148,2425494170
148,2425494170
148,26928955
148,2425494170
148,2425494170
148,12413032
148,407640120
148,2479601516
148,376740606
148,589032997
149,15146163
149,78874095
149,7563542
149,523829154
149,1159339896
149,2424186842
149,129203433
149,461562633
149,19652425
149,17159406
149,3612719129
149,1159339896
149,21424902
149,101453978
149,624609256
149,11300352
149,21862223
149,14885549
149,86948949
149,7400702
149,2591324694
149,972651
149,15146163
149,2796901810
149,378224184
150,18481779
150,13524182
150,1598644159
150,247723476
150,25073877
150,94557506
150,111986793
150,23052167
150,2288252839
150,2288252839
150,2288252839
150,2704857546
150,18331985
150,405605548
150,2288252839
150,17835068
150,20326673
150,112398730
150,23226772
150,7587032
150,51023770
150,2998807433
150,16139649
150,627294573
150,87818409
150,239885144
150,18481779
150,7587032
150,40207557
150,68818260
150,855043009
150,276944261
150,982807874
151,15167950
151,25994214
151,90983105
151,2821360249
151,16353168
151,2737531888
151,12332932
151,21855046
151,18373936
151,1422311
151,60642052
151,2809821
151,441701613
151,2809821
151,2737531888
151,224359740
151,15167950
151,66163531
151,18373936
151,234859616
151,12685742
151,32494066
151,18373936
152,9261402
152,2325914719
152,2716583400
152,30627754
152,627403523
152,1705122889
152,2991167103
152,56668002
152,1558066592
153,370741326
153,432614336
153,331178901
153,47636400
153,103309339
153,299180640
153,31173665
153,31173665
153,31173665
153,31173665
153,31173665
153,274017880
153,87466668
153,20362684
153,1543678884
153,7235612
153,355623405
153,65045121
153,432396682
153,18314234
153,190370334
154,15472044
154,166153613
154,279705521
154,2742078001
154,211994193
154,8170292
154,6135562
154,860012472
154,860012472
154,6135562
154,18685263
154,16973333
154,114718372
154,29199289
154,205622130
154,2742078001
154,2742078001
155,14246323
155,158865339
155,49685629
155,158865339
155,28437452
155,382253381
155,254250853
155,32866317
155,1956599892
155,19619047
155,89949366
155,64688863
155,64688863
155,64688863
155,353224663
155,91478624
155,324428776
155,15320887
155,1344951
155,14246323
155,64688863
155,64688863
155,64688863
155,288715969
155,1370519202
155,347121446
155,8683242
155,113083161
155,32405299
155,46059966
155,64688863
155,324428776
155,113083161
155,113083161
155,17261274
155,433196518
155,492030819
155,436571881
155,3823714342
155,64688863
155,3312929536
155,64688863
155,71647024
155,71647024
155,27629898
155,64688863
155,15320887
155,19119955
155,64688863
155,64688863
156,526611615
157,2603889039
157,60880381
157,480738334
157,148000327
157,1722311582
157,123246947
157,3480355637
157,16309025
157,380648579
157,64169878
157,410070653
157,51247351
157,22240612
157,361312063
157,46442765
157,180385032
157,2226850327
157,2226850327
157,5988062
157,402888514
157,16348549
157,26792275
157,5988062
157,5988062
157,27830610
157,5988062
157,32357365
157,27830610
157,5988062
157,16003760
157,5988062
157,154183852
157,154183852
157,154183852
157,19103793
157,767188021
157,19593954
157,284156505
157,2230241172
157,239086235
157,102104629
157,18087370
157,20925136
157,5988062
157,1019486198
158,21997214
158,20362684
158,31107562
158,21997214
158,33852508
158,276224538
158,1863514657
158,2315369256
158,20444905
158,19011697
158,55927141
158,501885788
158,15135214
158,21997214
158,1952008692
158,21514101
158,1588675880
158,54575030
158,21997214
158,21997214
158,21997214
158,620153481
158,21997214
158,2841866056
158,21997214
158,1399879711
158,69080476
158,1572402020
158,20228896
158,1183195844
158,21997214
158,82947233
158,41561552
158,15318242
158,544397215
158,20090126
158,21576876
158,634869731
158,22910295
158,21576876
158,21997214
158,55927141
158,292342683
158,21997214
158,3087070036
158,117387952
158,97926365
158,120257330
158,40624672
158,16474781
158,21997214
158,3401107791
158,21997214
158,97926365
158,2414115079
158,3401107791
158,21997214
158,30257977
158,2423058966
158,19397439
158,30201934
158,21184647
158,914978186
158,72372905
158,19902709
158,571800435
158,163882218
158,404163798
158,5988062
158,138742761
158,3945381137
158,61875599
158,61781260
158,21997214
158,472275912
158,2802581765
159,54256949
159,457603167
159,19500749
159,3108351
159,20509451
159,26503777
159,1628579983
159,2364650117
159,37043636
159,613931826
159,15408608
160,1466541176
160,1538832012
160,3318705976
160,3318705976
160,3318705976
160,3318705976
160,1538832012
160,3318705976
160,1466541176
160,1264178586
160,3318705976
160,3318705976
160,1538832012
160,3318705976
160,1538832012
160,3318705976
160,3318705976
160,3318705976
160,3318705976
162,58441816
162,30247847
162,3192428759
162,77857697
162,119418753
162,96999015
162,4000247823
162,77857697
162,4000247823
162,46072827
162,1151189143
162,1151189143
162,3192428759
162,2645538619
162,58441816
162,15928696
162,1333935638
162,297374212
162,3184460534
162,273487464
162,119418753
162,119418753
162,4000247823
162,4243903516
162,154499517
162,2596351928
162,41214600
162,1151189143
162,480471821
162,480471821
162,40441885
162,1969630836
162,1969630836
162,1969630836
162,898429208
162,96999015
162,898429208
162,898429208
162,898429208
162,98650514
162,496093085
162,67000962
162,496093085
162,250701810
162,96999015
162,26312884
162,51153181
162,320681276
163,67000962
163,2601427496
163,129756971
163,382039089
163,4111603636
163,163793368
163,626417237
163,255000545
163,41129412
163,1949375958
163,300180214
163,1117770913
163,835096244
163,1114077674
163,89434300
163,89434300
163,2226673370
163,80247274
163,111062389
163,2338048351
163,284180621
163,846271328
163,50069007
163,76286721
163,1114077674
163,1345260452
163,124392286
163,25531872
163,1117770913
163,1117770913
163,417980403
163,41327683
163,76286721
163,89505973
163,384378743
163,41327683
163,67584959
163,392161150
163,159082178
163,2338295455
163,255000545
163,312933527
163,2948635913
163,1044184626
163,17515195
163,3064540017
163,20664765
164,531240541
164,815389706
164,815389706
164,815389706
164,2339142155
164,815389706
164,815389706
164,34929667
164,815389706
164,815389706
164,87537923
164,815389706
164,815389706
164,815389706
164,815389706
164,104559676
164,1114077674
164,20604567
164,815389706
164,815389706
164,815389706
164,20604567
164,815389706
164,2498245016
164,815389706
164,815389706
164,815389706
164,20604567
164,815389706
164,815389706
164,815389706
164,4067189866
164,815389706
164,815389706
164,815389706
164,797819856
164,558067529
164,284198214
164,31420907
164,797819856
164,815389706
164,815389706
164,815389706
164,19182250
164,931971355
164,815389706
164,815389706
164,815389706
164,815389706
164,815389706
164,815389706
164,815389706
164,815389706
164,815389706
164,92501620
164,20763810
164,815389706
164,247212302
164,815389706
164,2734510894
164,815389706
164,815389706
164,63435928
164,815389706
164,815389706
164,815389706
164,815389706
164,815389706
164,227371293
164,31420907
164,815389706
165,815389706
165,34929667
165,53331002
165,20604567
165,34929667
165,96129345
165,295832321
165,96129345
165,295832321
165,295832321
165,295832321
165,295832321
165,31420907
165,96129345
165,96129345
165,20604567
165,20604567
165,23575407
165,96129345
165,96129345
165,20604567
165,96129345
165,96129345
165,422053097
165,38371909
165,412076936
165,421988555
165,1935782244
165,96129345
165,295832321
165,96129345
165,558067529
165,797819856
165,797819856
165,284198214
165,49687503
165,31420907
165,2280954476
165,247212302
165,3365689972
165,20604567
165,498790790
165,49687503
165,56697373
165,20604567
165,25993569
165,49687503
166,261711452
166,2863139060
166,307421695
166,17098852
166,175381361
166,1031335950
166,4696670162
166,23597719
166,2465098498
166,973704901
166,60598016
166,123576946
166,4032307911
167,417793855
167,143145579
167,142230413
167,2319361680
167,1615463502
167,191012620
167,2338072806
167,2754052301
167,20578408
167,1198481
167,124468712
167,50746928
167,113047940
167,166207058
167,3153880428
167,172325520
169,16468227
169,28078602
169,57333022
169,126664172
169,20094535
169,20094535
169,7087112
169,16468227
169,191094798
169,14124083
169,16468227
169,3089096422
169,52758024
169,569334634
169,7589572
169,20253759
169,73366432
169,27029338
169,18020612
169,16468227
169,16468227
169,625399957
169,38142380
169,29292696
169,625399957
169,625399957
169,16468227
170,7087112
170,47920812
170,22919789
170,1510389582
170,19426551
170,31504542
170,22919789
170,47920812
172,19341389
172,19383099
172,25058787
172,460470940
172,14834340
172,18650093
172,487118986
172,5988062
172,128308837
172,18650093
172,18650093
172,5120691
172,51812830
172,15344145
172,15875898
172,3512101
172,185895066
172,14834340
172,5988062
172,303862998
172,14349890
172,15731368
172,15363485
172,116562680
172,106923708
172,14834340
172,115710058
172,3434206390
172,16211073
172,6267962
172,6267962
172,3422063771
172,15931663
172,17446621
172,14940354
172,79833518
172,18484343
172,60180948
172,211994193
172,487118986
172,1275636692
172,84786801
172,15774741
172,15931663
172,460470940
172,264856221
172,264856221
172,44787298
172,23922797
172,584603710
172,19856097
172,84786801
172,2787702992
172,21907474
172,18650093
172,18650093
172,18650093
172,15705567
172,394797065
172,15705567
172,16399949
172,16892243
172,1877831
172,63178117
172,18650093
172,189512552
172,18650093
172,461789412
172,63004503
172,436429668
172,23922797
172,42800608
172,65221182
173,487118986
173,403290105
173,60569012
173,20245208
173,32417875
173,32417875
173,1344319525
173,247289875
173,72316086
173,17389758
173,227743942
173,2459858353
173,2459858353
173,3096453603
173,246713435
173,31714853
173,589903573
173,1044184626
173,21852814
173,2902930059
173,40256534
173,21599659
173,72533500
173,72316086
173,3332908522
173,317088344
173,20664765
173,725566369
173,20664765
173,21599659
173,48430667
173,617989474
173,22149813
173,815389706
174,20664765
174,40025121
174,3842230289
174,40025121
174,83483361
174,34365538
174,337149339
174,90051750
174,969725256
174,40025121
174,1065450541
174,19354106
174,203712255
174,191013707
174,2918024476
174,1072151022
174,934333842
174,577344168
174,337149339
174,19354106
174,22478721
174,577344168
174,265578587
174,22478721
174,1471966051
174,19354106
174,48096388
174,305524228
174,19354106
174,19354106
174,607215766
174,19354106
174,19354106
174,337149339
174,18726043
175,2461887810
175,138749160
175,214185838
175,42825230
175,34655603
175,136004952
175,18725815
175,24079335
175,1068121346
175,376435807
175,34655603
175,20973388
175,781096099
175,70457507
175,70457507
175,415162673
175,16343974
175,79832237
175,394862363
175,37499827
175,995652091
175,425989199
175,11786732
175,614188834
175,18809812
175,5402612
175,19217369
175,316511611
175,299346402
175,138749160
175,1204494794
175,203010865
175,366672743
175,84816752
175,384125942
175,4004901
175,275686563
176,73965155
176,38399582
176,38399582
176,38399582
176,38399582
176,38399582
176,14353202
176,3396871601
176,19915362
176,14224719
176,36042554
176,267221881
176,163984564
176,3396871601
176,3396871601
176,267221881
176,267221881
176,14224719
176,38399582
176,222110806
176,38399582
176,222110806
176,38399582
176,3017241909
176,3017241909
176,3396871601
176,3396871601
176,3396871601
176,19180118
176,38399582
176,80817491
176,3396871601
176,2653613168
176,2653613168
176,2653613168
176,3396871601
176,4216760609
176,19180118
176,307221778
176,307221778
176,307221778
176,504899447
176,240265305
176,482866177
176,279144084
176,87645208
176,3391699133
176,2741675264
176,222110806
176,504899447
176,368986936
176,79270101
176,2526884636
176,482866177
176,267221881
176,267221881
176,267221881
176,482866177
176,482866177
176,14353202
176,14353202
176,19180118
176,3396871601
176,95248383
176,267221881
176,267221881
176,3391699133
176,14353202
176,3391699133
176,56068864
176,56068864
176,222110806
176,222110806
176,38399582
176,22046686
176,19180118
177,3396871601
177,87452646
177,16042794
177,2846373369
177,18991263
177,198584761
177,195841657
177,893568606
177,3066003765
177,3165197993
177,95468980
177,198584761
177,166207058
177,482971278
177,893568606
177,198584761
177,200818199
177,114573522
177,324963843
177,293115044
177,16672510
177,2563656001
177,424953477
177,65065882
177,3055869017
177,522593098
177,326665662
177,20454715
177,1381432580
177,65065882
177,270416438
177,198584761
177,387655590
177,34242750
177,310221185
177,95468980
177,207494585
178,462816957
178,367042027
178,195659616
178,286361942
178,59609908
178,75988816
178,1861131848
178,82060027
178,576986074
178,17137628
178,2227730351
178,372296470
178,14577516
178,1919276408
178,576986074
178,2501296444
178,3346562854
178,254956065
178,70922877
178,2969872763
178,286361942
178,2969872763
178,2501296444
178,44425241
178,436751710
178,771223836
178,268006605
178,1029455485
178,18739463
178,780722634
178,576986074
178,82060027
178,125735734
178,14577516
178,65022541
178,221452291
178,9110082
178,1964425008
179,34568634
179,23321405
179,86043339
179,257064714
179,340413638
179,390628756
179,39595234
179,2312655699
179,24665133
179,2229232175
179,20923851
179,1023072078
179,26319882
179,123834022
179,547207686
179,66318002
179,34026528
179,24665133
179,113940820
179,21093220
179,3289588013
179,988952292
179,21639476
180,17169453
180,18213483
180,95431448
180,244049123
180,15084853
180,20855651
180,1389436866
180,165032231
180,44411598
180,247564142
180,2969760609
180,2969760609
180,393637870
180,1376880470
180,3011889243
180,29707536
180,117798012
180,384724514
180,34713362
181,1245699895
181,45122694
181,4623704195
181,1245699895
181,19594736
181,246183897
181,28311576
181,35172559
181,239405285
181,257428678
181,158512580
181,420863962
181,158512580
181,26817196
181,3012148462
181,26817196
181,517438523
181,159227053
181,122114244
181,122114244
182,159227053
182,243630696
182,124482050
182,79983391
182,307377803
182,73400717
182,178426958
182,111612073
182,180765073
182,5402612
182,339177761
182,22240612
182,20968825
182,380648579
182,263608353
182,198494684
182,19990980
182,34654362
182,34918353
182,247247709
182,244964917
182,24528266
182,19543936
182,4257027203
182,259662060
182,20399474
182,14085096
182,247247709
182,46343990
182,19983221
182,26574283
182,242354037
182,16692859
182,279513123
182,384330553
182,227688555
182,206117476
182,46875124
182,296185379
182,478516414
182,142614009
182,265902729
182,3070875999
182,787166
182,15032024
182,304964507
182,178426958
182,1542862735
182,35718116
182,35718116
183,17732449
183,293539344
183,14585010
183,796787832
183,18549724
183,457436503
183,615165576
183,279144084
183,206717989
183,14138785
183,3017241909
183,95638423
183,113646161
183,312548699
183,3072357143
183,3115678678
183,14758838
183,29161746
183,1088593087
183,18096679
183,2831541294
183,293539344
183,41077970
183,14824428
183,319677725
183,1519879686
183,807095
183,63668501
183,20058335
183,807095
183,734539920
183,4274230756
183,265902729
184,872675798
184,39595234
184,39595234
184,1273245372
184,24382468
184,18424289
184,2790518743
184,1130674064
184,17361599
184,23330998
184,358459982
184,2673267331
184,486799450
184,27206249
184,16664933
184,18424289
184,166964757
184,2566535282
184,1364057593
184,2312655699
184,378711042
184,1075005146
184,14606079
184,15444206
184,299551446
184,1585788235
184,1546998949
184,66163531
184,523415563
184,2422112278
184,9679302
184,2761515773
184,24689294
184,24689294
184,299551446
184,2869304847
184,336440953
184,1296649987
184,1430048671
185,2312655699
185,13997072
185,788524
185,2615001156
185,774492751
185,32988661
185,2615001156
185,223372811
185,223372811
185,525315094
185,1665188473
185,688483
185,2615001156
185,26201346
185,27909529
185,380648579
185,12591192
185,2615001156
185,380648579
185,44584428
185,66163531
185,16012783
185,30053017
185,26566469
185,3163284887
185,16827148
185,5695632
185,403361766
185,26319882
185,2312655699
185,66163531
185,44584428
185,18067452
185,403361766
185,428140124
185,71643224
185,1598644159
185,2615001156
185,2615001156
185,21996415
185,2615001156
185,380648579
185,26319882
185,14930764
185,18424289
185,2615001156
185,2615001156
185,52778134
185,2615001156
185,2615001156
186,2615001156
186,1955695957
186,1955695957
186,3186891400
186,47367839
186,391240718
186,19139122
186,809338026
186,1252544682
186,336195809
186,612549113
186,52023514
186,2862303633
186,19474464
186,256603749
186,356827181
186,66478390
186,524580431
186,544268917
186,449041108
186,318443163
186,224273474
186,114684908
186,131467273
186,1955695957
186,1086034429
186,579190215
186,199099753
186,596289215
186,41337717
186,809204184
186,2364352132
186,624869655
186,2889354371
186,435079111
186,61532503
186,1378268911
186,39412936
186,173537292
186,725469518
186,47367839
186,274608543
186,912211381
186,195663132
186,1955695957
186,1955695957
186,1955695957
186,1955695957
186,1955695957
186,1955695957
186,1955695957
186,1955695957
186,1955695957
186,92717138
186,172650029
187,1406884820
187,3334846930
187,3334846930
187,2327592480
187,3648061
187,3648061
187,16737566
187,19830072
187,1406884820
187,6107422
187,9229672
187,13850422
187,2730020462
187,2097571
187,14173315
187,1917731
187,53363343
187,53363343
187,15931637
187,14293310
187,16711026
187,14515799
187,20281013
187,50409062
187,11771512
187,807095
187,16955991
187,15731368
187,16299754
187,20259954
187,51241574
187,1406884820
187,450941680
187,144219102
187,144219102
187,2176206155
187,16737566
187,348060527
187,321406842
187,14856951
188,19384258
188,340378754
188,270855032
188,4703945696
188,4703517222
188,164270253
188,22460658
189,563587294
189,56174377
189,3244756234
189,14844466
189,296846015
189,3711094521
189,31889802
189,1008690752
189,17695016
189,33566000
189,277428760
189,253987413
189,143478208
189,21417687
189,53384299
189,135920727
189,112819820
189,621533
189,200631306
189,456632163
189,20687723
189,40537056
189,99960420
189,456632163
189,456632163
189,22159580
189,209079863
189,282590222
189,7587032
189,40080251
189,21879650
189,135920727
189,3711094521
189,191754938
189,83445284
189,426830742
189,569892832
189,543728251
189,5402612
189,18238908
189,1731990122
189,111567475
189,135920727
189,456632163
189,2592985904
189,99960420
189,456632163
189,475834743
189,20377815
189,7587032
189,16139649
189,111567475
189,624112946
189,16867098
189,271514811
189,112819820
189,111567475
189,20377815
189,20687723
189,120115212
189,14224719
189,28538412
189,456632163
189,624112946
189,135920727
189,314502523
189,135920727
189,135920727
189,621533
189,212232149
189,222817583
189,397561971
189,624112946
189,2617544804
189,135920727
189,456632163
189,36943804
189,75507528
189,456632163
189,456632163
189,343201941
189,271180997
189,15115986
189,23242142
189,7587032
189,68451121
189,47904096
189,310947580
189,252192750
189,1877831
189,14569869
189,398679266
189,3295791434
189,366607343
190,296319355
190,37673304
190,15105128
190,32442174
190,233489955
190,1585749301
190,256704506
190,196994616
190,3500798175
190,3500798175
190,709507767
190,52372692
190,16270209
190,346151624
190,3307072595
190,28451200
190,3084263579
190,212172616
190,235129566
190,988900345
190,9679302
190,28096144
190,2818948823
190,26263965
190,15243853
190,1127968447
191,1412632970
191,362355566
191,347232060
191,3419792913
191,221104855
191,36369710
191,233489955
191,15105128
191,596893898
191,3252455625
191,36369710
191,347232060
191,3290005917
191,5988062
191,3252455625
191,1227632828
191,414950388
191,2180371
191,1263752238
191,233489955
191,362355566
191,169963553
191,84163974
191,178272441
191,3377180045
191,2787668870
191,843162396
191,1358883631
191,178272441
191,386966867
191,91478624
191,2787668870
191,2354247100
191,1358883631
191,3252455625
191,2425606008
191,2354247100
191,2354247100
191,2388296609
191,2354247100
191,28970657
191,3130794100
191,564351286
191,203015697
191,50995683
191,347232060
191,299546029
191,203015697
191,2444718215
191,3252455625
191,168549616
192,347232060
192,267053655
192,467369703
192,459983485
192,20562637
192,240265305
192,183165398
192,30666820
192,267221881
192,87416722
192,510099744
192,16692859
192,108524355
192,26792275
192,87645208
192,1652541
192,22319055
